1,2723 N Fairfield Ave,Chicago,IL,
2,2723 N Fairfield Ave,Chicago,IL,
3,2402 N Washtenaw Ave,Chicago,IL,
4,2236 N Rockwell St,Chicago,IL,
5,2236 N Rockwell St,Chicago,IL,
6,2236 N Rockwell St,Chicago,IL,
7,3116 W Belden Ave,Chicago,IL,
8,2021 N Point St,Chicago,IL,
9,2040 N Milwaukee Ave,Chicago,IL,
10,2533 W Homer St,Chicago,IL,
11,1640 N Maplewood,Chicago,IL,
12,2315 W Le Moyne St ,Chicago,IL,
13,1147 N Western Ave,Chicago,IL,
14,2020 W Schiller St,Chicago,IL,
15,1425 W Damen Ave,Chicago,IL,
16,1148 N Honore St,Chicago,IL,
17,1425 W Damen Ave,Chicago,IL,
18,1501 N Greenview Ave,Chicago,IL,
19,1424 N Cleaver St,Chicago,IL,
20,1148 N Honore St,Chicago,IL,
21,1419 W Blackhawk St,Chicago,IL,
22,936 N Ashland Ave,Chicago,IL,
23,1424 N Cleaver St,Chicago,IL,
24,936 N Ashland Ave,Chicago,IL,
25,525 N Armour St,Chicago,IL,
26,525 N Armour St,Chicago,IL,
27,680 N Lake Shore Dr,Chicago,IL,
28,680 N Lake Shore Dr,Chicago,IL,
29,808 N Lake Shore Dr,Chicago,IL,
30,420 E Superior St,Chicago,IL,
31,25 E Superior St,Chicago,IL,
32,808 N Lake Shore Dr,Chicago,IL,
33,808 N Lake Shore Dr,Chicago,IL,
34,140 E Walton Pl,Chicago,IL,
35,24 W Walton St,Chicago,IL,
36,160 W Wendell St,Chicago,IL,
37,24 W Walton St,Chicago,IL,
38,24 W Walton St,Chicago,IL,
39,1630 N Clark St,Chicago,IL,
40,1255 N Sandberg Terr,Chicago,IL,
41,1630 N Clark St,Chicago,IL,
42,1630 N Clark St,Chicago,IL,
43,1460 N Sandburg Terr,Chicago,IL,
44,225 W Evergreen Ave,Chicago,IL,
45,225 W Evergreen Ave,Chicago,IL,
46,1640 N Wells St,Chicago,IL,
47,1734 N Orleans St,Chicago,IL,
48,1420 N Hudson,Chicago,IL,
49,700 W Willow St,Chicago,IL,
50,2250 N Clifton Ave,Chicago,IL,
51,2270 N Clybourn Ave,Chicago,IL,
52,4934 S Wabash,Chicago,IL,
53,400 E 41st St,Chicago,IL,
54,55 W Cermak Rd,Chicago,IL,
55,4414 S Evans,Chicago,IL,
56,4316 S Princeton Ave,Chicago,IL,
57,1801 S Indiana Ave,Chicago,IL,
58,3245 S Prairie Ave,Chicago,IL,
59,346 E 53rd St,Chicago,IL,
60,1212 S Plymouth Ct,Chicago,IL,
61,1440 S Indiana Ave,Chicago,IL,
62,4415 S ML King Dr,Chicago,IL,
63,4747 S King Dr,Chicago,IL,
64,1212 S Plymouth Ct,Chicago,IL,
65,1500 S Michigan Ave,Chicago,IL,
66,4101 S Calumet Ave,Chicago,IL,
67,1440 S Indiana Ave,Chicago,IL,
68,3630 S Wells St,Chicago,IL,
69,2731 S Dearborn St,Chicago,IL,
70,2347 S Wabash Ave,Chicago,IL,
71,340 E 38th St,Chicago,IL,
72,1500 S Michigan Ave,Chicago,IL,
73,2347 S Wabash Ave,Chicago,IL,
74,3647 S State St,Chicago,IL,
75,25 W 47th St,Chicago,IL,
76,1104 S Wabash Ave,Chicago,IL,
77,8 W Root St,Chicago,IL,
78,1801 S Indiana Ave,Chicago,IL,
79,5015 S Blackstone Ave,Chicago,IL,
80,1330 E 50th St,Chicago,IL,
81,1330 E 50th St,Chicago,IL,
82,4930 S Langley ,Chicago,IL,
83,4949 S Cottge Grv ,Chicago,IL,
84,1119 E 46th St,Chicago,IL,
85,1330 E 50th St,Chicago,IL,
86,4850 S Lake Park Ave,Chicago,IL,
87,4445 S Drexel Bv,Chicago,IL,
88,1119 E 46th St,Chicago,IL,
89,4434 S Lake Park Ave,Chicago,IL,
90,4445 S Drexel Bv,Chicago,IL,
91,740 E 43rd St,Chicago,IL,
92,4227 S Oakenwald Ave,Chicago,IL,
93,700 E Oakwood,Chicago,IL,
94,3983 S Lake Park Ave,Chicago,IL,
95,3858 S Cottage Grove Ave,Chicago,IL,
96,3550 S Rhodes Ave,Chicago,IL,
97,3200 S Calumet,Chicago,IL,
98,3436 S M L King Dr,Chicago,IL,
99,601 E 32nd St,Chicago,IL,
100,2921 S Michigan Ave,Chicago,IL,
101,2901 S M L King Dr,Chicago,IL,
102,2631 S Indiana Ave,Chicago,IL,
103,1104 S Wabash Ave,Chicago,IL,
104,700 S State St,Chicago,IL,
105,700 S State St,Chicago,IL,
106,637 S Dearborn St,Chicago,IL,
107,1833 E 71st St,Chicago,IL,
108,6940 S Merrill Ave,Chicago,IL,
109,2226 E 71st St,Chicago,IL,
110,6940 S Merrill Ave,Chicago,IL,
111,6940 S Merrill Ave,Chicago,IL,
112,1818 E 71st St,Chicago,IL,
113,6938 S East End Ave,Chicago,IL,
114,6720 S Cornell Ave,Chicago,IL,
115,6938 S East End Ave,Chicago,IL,
116,1415 E 70th St,Chicago,IL,
117,1010 E 72nd St,Chicago,IL,
118,5550 S Shore Dr,Chicago,IL,
119,6401 S Stony Island Ave,Chicago,IL,
120,6250 S Harper Ave,Chicago,IL,
121,1355 E 53rd St ,Chicago,IL,
122,1355 E 53rd St,Chicago,IL,
123,5200 S Hyde Park Bv,Chicago,IL,
124,5035 S East End ,Chicago,IL,
125,4800 S Chicago Beach Dr,Chicago,IL,
126,5200 S University Ave,Chicago,IL,
127,936 E 54th St,Chicago,IL,
128,1355 E 53rd St,Chicago,IL,
129,1450 E 55th Pl,Chicago,IL,
130,5500 S Woodlawn Ave,Chicago,IL,
131,5631 S Kimbark Ave,Chicago,IL,
132,655 W 65th St,Chicago,IL,
133,6401 S Yale Ave,Chicago,IL,
134,6835 S Normal Blvd,Chicago,IL,
135,301 W Marquette Rd,Chicago,IL,
136,50 W 71st St,Chicago,IL,
137,6741 S Michigan Ave,Chicago,IL,
138,661 E 69th St,Chicago,IL,
139,6741 S Michigan Ave,Chicago,IL,
140,6741 S Michigan Ave,Chicago,IL,
141,7147 S Wentworth Ave,Chicago,IL,
142,513 W 72nd St,Chicago,IL,
143,7545 S Vincennes Ave,Chicago,IL,
144,7257 S State St,Chicago,IL,
145,7350 S Evans Ave,Chicago,IL,
146,7350 S Evans Ave,Chicago,IL,
147,7614 S Cottage Grove,Chicago,IL,
148,7831 S Prairie Ave,Chicago,IL,
149,7841 S Wabash Ave,Chicago,IL,
150,8147 S Vincennes Ave,Chicago,IL,
151,8223 S Princeton Ave,Chicago,IL,
152,8306 S St Lawrence Ave,Chicago,IL,
153,8050 S St Lawrence Ave,Chicago,IL,
154,8050 S St Lawrence Ave,Chicago,IL,
155,650 E 85th St,Chicago,IL,
156,8555 S Michigan Ave,Chicago,IL,
157,8801 S Indiana Ave,Chicago,IL,
158,9301 S State St,Chicago,IL,
159,1833 E 71st St,Chicago,IL,
160,2423 E 75th St,Chicago,IL,
161,2505 E 73rd St,Chicago,IL,
162,7419 S Exchange Ave,Chicago,IL,
163,7511 S South Shore Dr,Chicago,IL,
164,7511 S South Shore Dr,Chicago,IL,
165,7530 S South Shore Dr,Chicago,IL,
166,7736 S Burnham Ave,Chicago,IL,
167,7601 S Phillips Ave,Chicago,IL,
168,7601 S Phillips Ave,Chicago,IL,
169,8440 S Phillips Ave,Chicago,IL,
170,8440 S Phillips Ave,Chicago,IL,
171,8344 S Commercial Ave,Chicago,IL,
172,8255 S Houston Ave,Chicago,IL,
173,8440 S Phillips Ave,Chicago,IL,
174,2710 E 89th St,Chicago,IL,
175,2710 E 89th St,Chicago,IL,
176,9177 S South Chicago,Chicago,IL,
177,8905 S Crandon Ave,Chicago,IL,
178,9239 S Jeffery Bv,Chicago,IL,
179,2320 E 93rd St,Chicago,IL,
180,9239 S Jeffery Bv,Chicago,IL,
181,2650 E 95th St,Chicago,IL,
182,2650 E 95th St,Chicago,IL,
183,9729 S Yates Bv,Chicago,IL,
184,9928 S Crandon Ave,Chicago,IL,
185,9928 S Crandon Ave,Chicago,IL,
186,9239 S Jeffery Ave,Chicago,IL,
187,2401 E 100th St,Chicago,IL,
188,9928 S Crandon Ave,Chicago,IL,
189,9928 S Crandon Ave,Chicago,IL,
190,7156 S Dorchester Ave,Chicago,IL,
191,7655 S Ingleside Ave,Chicago,IL,
192,1200 E 78th St,Chicago,IL,
193,1955 E 75th St,Chicago,IL,
194,1955 E 75th St,Chicago,IL,
195,8050 S Chappel Ave,Chicago,IL,
196,1767 E 79th St,Chicago,IL,
197,9011 S Stony Island Ave,Chicago,IL,
198,8045 S Kenwood Ave,Chicago,IL,
199,7655 S Ingleside Ave,Chicago,IL,
200,8505 S Ingleside Ave,Chicago,IL,
201,1215 E 83rd St,Chicago,IL,
202,1215 E 83rd St,Chicago,IL,
203,8409 S Stony Island ,Chicago,IL,
204,1419 E 89th St,Chicago,IL,
205,1419 E 89th St,Chicago,IL,
206,8800 S Clyde Ave,Chicago,IL,
207,9401 S Stony Island Ave,Chicago,IL,
208,8850 S Cottge Grv ,Chicago,IL,
209,8850 S Cottge Grv ,Chicago,IL,
210,501 E 90th St,Chicago,IL,
211,9130 S University Ave,Chicago,IL,
212,9755 S Greenwood Ave,Chicago,IL,
213,744 E 103rd St,Chicago,IL,
214,8440 S Phillips Ave,Chicago,IL,
215,650 E 91st Pl,Chicago,IL,
216,8045 S Kenwood Ave,Chicago,IL,
217,9130 S University Ave,Chicago,IL,
218,8605 S Cregier Ave,Chicago,IL,
219,1955 E 75th St,Chicago,IL,
220,9351 S Lowe Ave,Chicago,IL,
221,9300 S Princeton Ave,Chicago,IL,
222,9349 S Wentworth Ave,Chicago,IL,
223,9800 S Parnell Ave,Chicago,IL,
224,9349 S Wentworth Ave,Chicago,IL,
225,9652 S Michigan Ave,Chicago,IL,
226,132 W 104th St,Chicago,IL,
227,9912 S Princeton Ave,Chicago,IL,
228,10014 S Michigan Ave,Chicago,IL,
229,550 E 103rd St,Chicago,IL,
230,132 W 104th St,Chicago,IL,
231,10115 S Prairie Ave,Chicago,IL,
232,10650 S Eberhart Ave,Chicago,IL,
233,821 E 103rd St,Chicago,IL,
234,10650 S Eberhart Ave,Chicago,IL,
235,10858 S Michigan Ave,Chicago,IL,
236,138 W 109th St,Chicago,IL,
237,11001 S Indiana Ave,Chicago,IL,
238,32 E 115th St,Chicago,IL,
239,11141 S Cottage Grove,Chicago,IL,
240,35 W 119th St,Chicago,IL,
241,32 E 115th St,Chicago,IL,
242,36 W 119th St,Chicago,IL,
243,35 W 119th St,Chicago,IL,
244,401 W 123rd St,Chicago,IL,
245,12302 S State St,Chicago,IL,
246,12302 S State St,Chicago,IL,
247,330 E 133rd St,Chicago,IL,
248,12607 S Union Ave,Chicago,IL,
249,12607 S Union Ave,Chicago,IL,
250,8344 S Commercial Ave,Chicago,IL,
251,8331 S Mackinaw ,Chicago,IL,
252,9000 S Exchange Ave,Chicago,IL,
253,8914 S Buffalo Ave,Chicago,IL,
254,9801 S Avenue G ,Chicago,IL,
255,9801 S Avenue G ,Chicago,IL,
256,2926 E 96th St,Chicago,IL,
257,9822 S Exchange Ave,Chicago,IL,
258,10347 S Ewing Ave,Chicago,IL,
259,10347 S Ewing Ave,Chicago,IL,
260,10347 S Ewing Ave,Chicago,IL,
261,3325 E 108th St,Chicago,IL,
262,10810 S Avenue H,Chicago,IL,
263,10810 S Avenue H,Chicago,IL,
264,10810 S Avenue H,Chicago,IL,
265,3737 E 114th St ,Chicago,IL,
266,3737 E 114th St ,Chicago,IL,
267,13323 S Green Bay Ave ,Chicago,IL,
268,13231 S Burley,Chicago,IL,
269,3048 E 130th St,Chicago,IL,
270,2949 E 131 St,Chicago,IL,
271,12810 S Escanaba Ave,Chicago,IL,
272,10740 S Calhoun Ave,Chicago,IL,
273,630 E 131st St,Chicago,IL,
274,630 E 131st St,Chicago,IL,
275,2100 S Wentworth Ave,Chicago,IL,
276,247 W 23rd Pl,Chicago,IL,
277,2725 S Halsted St,Chicago,IL,
278,2828 S Eleanor St,Chicago,IL,
279,1104 W 31st St,Chicago,IL,
280,1104 W 31st St,Chicago,IL,
281,247 W 23rd Pl,Chicago,IL,
282,344 W 28th Pl,Chicago,IL,
283,3010 S Parnell Ave,Chicago,IL,
284,3146 S Wentworth Ave,Chicago,IL,
285,3250 S Wentworth Ave,Chicago,IL,
286,3309 S Shields Ave,Chicago,IL,
287,3309 S Shields Ave,Chicago,IL,
288,3400 S Halsted St,Chicago,IL,
289,911 W 32nd Pl ,Chicago,IL,
290,1122 W 34th Pl,Chicago,IL,
291,911 W 32nd Pl,Chicago,IL,
292,3525 S Honore St,Chicago,IL,
293,3537 S Paulina St,Chicago,IL,
294,3620 S Lituanica Ave,Chicago,IL,
295,643 W 37th St,Chicago,IL,
296,704 W 42nd St,Chicago,IL,
297,643 W 37th St,Chicago,IL,
298,3525 S Honore St,Chicago,IL,
299,3542 S Washtenaw Ave,Chicago,IL,
300,3625 S Hoyne,Chicago,IL,
301,3525 S Honore St,Chicago,IL,
302,3419 S Bell Ave,Chicago,IL,
303,3542 S Washtenaw Ave,Chicago,IL,
304,4520 S Kedzie Ave,Chicago,IL,
305,3419 S Bell Ave,Chicago,IL,
306,3537 S Paulina St,Chicago,IL,
307,4520 S Kedzie Ave,Chicago,IL,
308,3456 W 38th St,Chicago,IL,
309,3456 W 38th St,Chicago,IL,
310,4004 S Archer Ave ,Chicago,IL,
311,4314 S Archer Ave,Chicago,IL,
312,4420 S Sacramento ,Chicago,IL,
313,4520 S Kedzie Ave,Chicago,IL,
314,3825 S Washtenaw Ave,Chicago,IL,
315,4136 S California Ave,Chicago,IL,
316,3525 S Honore St,Chicago,IL,
317,3050 W 39th St,Chicago,IL,
318,2210 W Pershing Rd,Chicago,IL,
319,4420 S Sacramento ,Chicago,IL,
320,4626 W 63rd St,Chicago,IL,
321,5825 S Kostner Ave,Chicago,IL,
322,7001 W 59th St,Chicago,IL,
323,4034 W 56th St,Chicago,IL,
324,5625 S Mobile Ave,Chicago,IL,
325,6325 W 56th St,Chicago,IL,
326,6258 W 62nd St ,Chicago,IL,
327,4918 W 64th St,Chicago,IL,
328,7001 W 59th St,Chicago,IL,
329,6325 W 56th St,Chicago,IL,
330,6258 W 62nd St,Chicago,IL,
331,4352 W 63rd St,Chicago,IL,
332,7134 W 65th St,Chicago,IL,
333,5940 S Central Ave,Chicago,IL,
334,6140 S Melvina Ave,Chicago,IL,
335,5450 W 64th Pl,Chicago,IL,
336,6448 S Tripp Ave,Chicago,IL,
337,4220 W 59th St,Chicago,IL,
338,6751 W 63rd Pl,Chicago,IL,
339,6108 S Natoma Ave,Chicago,IL,
340,6258 W 62nd St,Chicago,IL,
341,4233 W 65th St,Chicago,IL,
342,7001 W 59th St,Chicago,IL,
343,5450 W 64th Pl,Chicago,IL,
344,4626 W 63rd St,Chicago,IL,
345,5825 S Kostner Ave,Chicago,IL,
346,4020 W 63rd St,Chicago,IL,
347,6448 S Tripp Ave,Chicago,IL,
348,4626 W 63rd St,Chicago,IL,
349,5625 S Mobile Ave,Chicago,IL,
350,7134 W 65th St,Chicago,IL,
351,5625 S Mobile Ave,Chicago,IL,
352,6140 S Melvina Ave,Chicago,IL,
353,6108 S Natoma Ave,Chicago,IL,
354,6140 S Melvina Ave,Chicago,IL,
355,4222 W 63rd St,Chicago,IL,
356,7001 W 59th St,Chicago,IL,
357,5450 W 64th Pl,Chicago,IL,
358,6325 W 56th St,Chicago,IL,
359,5625 S Mobile Ave,Chicago,IL,
360,3430 W 65th Pl,Chicago,IL,
361,4815 S Karlov Ave,Chicago,IL,
362,5534 S Saint Louis Ave,Chicago,IL,
363,6117 S Kedzie Ave,Chicago,IL,
364,5815 S Homan Ave,Chicago,IL,
365,5248 S Sawyer Ave,Chicago,IL,
366,4901 S Kilbourn Ave,Chicago,IL,
367,4815 S Karlov Ave,Chicago,IL,
368,6120 S Kedzie Ave,Chicago,IL,
369,5409 S Kedzie Ave,Chicago,IL,
370,5250 S Rockwell St,Chicago,IL,
371,5815 S Homan Ave,Chicago,IL,
372,4808 S Archer Ave,Chicago,IL,
373,5450 S Talman Ave,Chicago,IL,
374,6734 S Kedzie Ave,Chicago,IL,
375,745 W 45th St,Chicago,IL,
376,745 W 45th St,Chicago,IL,
377,4747 S Union Ave,Chicago,IL,
378,4515 S Ashland Ave,Chicago,IL,
379,4600 S Hermitage Ave,Chicago,IL,
380,1936 W 48th St,Chicago,IL,
381,5024 S Wolcott Ave,Chicago,IL,
382,2611 W 48th St,Chicago,IL,
383,5042 S Artesian Ave,Chicago,IL,
384,5042 S Artesian Ave,Chicago,IL,
385,5630 S Rockwell St,Chicago,IL,
386,2908 W 59th St,Chicago,IL,
387,6550 S Richmond St,Chicago,IL,
388,6550 S Richmond St,Chicago,IL,
389,6550 S Richmond St,Chicago,IL,
390,6550 S Richmond St,Chicago,IL,
391,5640 N Wolcott Ave,Chicago,IL,
392,1745 W 63rd St,Chicago,IL,
393,6502 S Ashland Ave,Chicago,IL,
394,2611 W 48th St,Chicago,IL,
395,955 W Garfield Bv,Chicago,IL,
396,5139 S Ashland Ave ,Chicago,IL,
397,2040 W 62nd St,Chicago,IL,
398,2113 W Marquette Rd,Chicago,IL,
399,6010 S Throop St,Chicago,IL,
400,2300 W 64th St,Chicago,IL,
401,5300 S Hermitage Ave ,Chicago,IL,
402,1816 W Garfield Bv,Chicago,IL,
403,1234 W 63rd St,Chicago,IL,
404,6515 S Ashland Ave,Chicago,IL,
405,1140 W 66th St,Chicago,IL,
406,5139 S Ashland Ave,Chicago,IL,
407,1816 W Garfield Bv,Chicago,IL,
408,7050 S May St,Chicago,IL,
409,850 W Garfield Bv,Chicago,IL,
410,5515 S Lowe Ave,Chicago,IL,
411,2755 W 63rd St,Chicago,IL,
412,2755 W 63rd St,Chicago,IL,
413,6011 S Rockwell St,Chicago,IL,
414,6332 S Green St,Chicago,IL,
415,6006 S Peoria St,Chicago,IL,
416,2306 W 69th St,Chicago,IL,
417,6011 S Rockwell St,Chicago,IL,
418,2113 W Marquette Rd,Chicago,IL,
419,6006 S Peoria St,Chicago,IL,
420,3330 W 71st St,Chicago,IL,
421,6901 S Fairfield Ave,Chicago,IL,
422,7106 S Rockwell St ,Chicago,IL,
423,7316 S Hoyne Ave,Chicago,IL,
424,1302 W 74th St,Chicago,IL,
425,1743 W 73rd St,Chicago,IL,
426,7236 S Ashland Ave,Chicago,IL,
427,1302 W 74th St,Chicago,IL,
428,7424 S Morgan St,Chicago,IL,
429,7641 S Peoria St,Chicago,IL,
430,6936 S Hermitage,Chicago,IL,
431,6936 S Hermitage,Chicago,IL,
432,7007 S Loomis St,Chicago,IL,
433,7424 S Morgan St,Chicago,IL,
434,7650 S Wolcott Ave,Chicago,IL,
435,1330 W 76th St,Chicago,IL,
436,7641 S Peoria St,Chicago,IL,
437,7931 S Honore St,Chicago,IL,
438,7931 S Honore St,Chicago,IL,
439,7650 S Wolcott Ave,Chicago,IL,
440,140 W 81st St,Chicago,IL,
441,8150 S Bishop St,Chicago,IL,
442,1330 W 76th St,Chicago,IL,
443,7641 S Peoria St,Chicago,IL,
444,8150 S Bishop St,Chicago,IL,
445,8005 S Racine Ave,Chicago,IL,
446,8210 S Racine Ave,Chicago,IL,
447,8424 S Racine Ave,Chicago,IL,
448,8510 S Green St,Chicago,IL,
449,1700 W 87th St,Chicago,IL,
450,8530 S Wood St,Chicago,IL,
451,8422 S Damen Ave,Chicago,IL,
452,2233 W 79th St ,Chicago,IL,
453,8040 S Damen Ave,Chicago,IL,
454,2815 W 79th St,Chicago,IL,
455,2936 W 85th St,Chicago,IL,
456,2929 W 83rd St,Chicago,IL,
457,2936 W 85th St,Chicago,IL,
458,8148 S Kedzie Ave,Chicago,IL,
459,7316 S Hoyne Ave,Chicago,IL,
460,2601 W 80th St,Chicago,IL,
461,8247 S Christiana Ave,Chicago,IL,
462,7430 S Rockwell St,Chicago,IL,
463,2750 W Columbus Ave,Chicago,IL,
464,2750 W Columbus Ave,Chicago,IL,
465,3434 W 77th St,Chicago,IL,
466,3434 W 77th St,Chicago,IL,
467,3810 W 81st St,Chicago,IL,
468,3939 W 81st St,Chicago,IL,
469,8247 S Christiana Ave,Chicago,IL,
470,8445 S Kolin Ave,Chicago,IL,
471,4637 W 83rd St,Chicago,IL,
472,4101 W 79th St,Chicago,IL,
473,8010 S Kostner Ave,Chicago,IL,
474,4350 W 79th St,Chicago,IL,
475,10015 S Leavitt St,Chicago,IL,
476,9401 S Oakley Ave,Chicago,IL,
477,10835 S Pulaski Rd,Chicago,IL,
478,3857 W 111th St,Chicago,IL,
479,9401 S Oakley Ave,Chicago,IL,
480,3020 W 108th St,Chicago,IL,
481,2407 W 111th St,Chicago,IL,
482,1865 W Montvale Ave,Chicago,IL,
483,1744 W Pryor,Chicago,IL,
484,9241 S Leavitt St,Chicago,IL,
485,3857 W 111th St,Chicago,IL,
486,10835 S Pulaski Rd,Chicago,IL,
487,9625 S Longwood Dr,Chicago,IL,
488,2320 W 113th Pl,Chicago,IL,
489,11314 S Spaulding Ave,Chicago,IL,
490,10835 S Pulaski Rd,Chicago,IL,
491,11320 S Western Ave,Chicago,IL,
492,10841 S Homan Ave,Chicago,IL,
493,9848 S Winchester Ave,Chicago,IL,
494,1865 W Montvale Ave,Chicago,IL,
495,11314 S Spaulding Ave,Chicago,IL,
496,10015 S Leavitt St,Chicago,IL,
497,10749 S Artesian Ave,Chicago,IL,
498,10841 S Homan Ave,Chicago,IL,
499,9241 S Leavitt St,Chicago,IL,
500,10525 S Western Ave,Chicago,IL,
501,1750 W 103rd St,Chicago,IL,
502,10354 S Charles St,Chicago,IL,
503,3020 W 108th St,Chicago,IL,
504,10841 S Homan Ave,Chicago,IL,
505,2350 W 110th Pl,Chicago,IL,
506,11320 S Western Ave,Chicago,IL,
507,11010 S Kedzie Ave,Chicago,IL,
508,2617 W 105th St,Chicago,IL,
509,10525 S Western Ave,Chicago,IL,
510,9848 S Winchester Ave,Chicago,IL,
511,4747 S Marshfield Ave,Chicago,IL,
512,4747 S Marshfield Ave,Chicago,IL,
513,5030 S Bishop St,Chicago,IL,
514,1301 W 52nd St,Chicago,IL,
515,1000 W 52nd St,Chicago,IL,
516,1000 W 52nd St,Chicago,IL,
517,5701 S Shields Ave,Chicago,IL,
518,6201 S Stewart Ave,Chicago,IL,
519,55 E Garfield Bv,Chicago,IL,
520,5740 S Michigan Ave,Chicago,IL,
521,6253 S Michigan Ave,Chicago,IL,
522,6620 S M L King Jr Dr,Chicago,IL,
523,5325 S Cottage Grove,Chicago,IL,
524,550 E 50th Pl,Chicago,IL,
525,6020 S Langley Ave,Chicago,IL,
526,6020 S Langley Ave,Chicago,IL,
527,6200 S Drexel,Chicago,IL,
528,1210 E 62nd St,Chicago,IL,
529,6657 S Kimbark Ave,Chicago,IL,
530,6360 S Minerva Ave,Chicago,IL,
531,6650 S Ellis Ave,Chicago,IL,
532,6543 S Champlain Ave,Chicago,IL,
533,4250 S Princeton Ave,Chicago,IL,
534,11250 S Ada St,Chicago,IL,
535,11401 S Vincennes Ave,Chicago,IL,
536,1250 W 119th St,Chicago,IL,
537,11710 S Morgan St,Chicago,IL,
538,11717 S Halsted St,Chicago,IL,
539,344 W 119th St ,Chicago,IL,
540,1120 W 122nd St,Chicago,IL,
541,9306 S Halsted St,Chicago,IL,
542,10330 S Elizabeth St,Chicago,IL,
543,10540 S Morgan St,Chicago,IL,
544,10436 S Wallace St,Chicago,IL,
545,240 W 104th St,Chicago,IL,
546,1460 W 112th St,Chicago,IL,
547,10946 S Lowe Ave,Chicago,IL,
548,11220 S Wallace St,Chicago,IL,
549,9211 S Justine St,Chicago,IL,
550,10041 S Union Ave,Chicago,IL,
551,944 W 103rd St,Chicago,IL,
552,9746 S Morgan St,Chicago,IL,
553,965 W 95th St,Chicago,IL,
554,1150 W 96th St,Chicago,IL,
555,10946 S Lowe Ave,Chicago,IL,
556,8716 S Wallace St,Chicago,IL,
557,8716 S Wallace St,Chicago,IL,
558,917 W 88th St,Chicago,IL,
559,1350 W 89th St,Chicago,IL,
560,9025 S Throop St.,Chicago,IL,
561,1246 W 92nd St,Chicago,IL,
562,1246 W 92nd St,Chicago,IL,
563,2510 S Kildare Ave,Chicago,IL,
564,3660 W 23rd St,Chicago,IL,
565,2510 W Kildare Ave,Chicago,IL,
566,3960 W 26th St,Chicago,IL,
567,2345 S Millard Ave,Chicago,IL,
568,2345 S Christiana Ave,Chicago,IL,
569,3202 W 28th St,Chicago,IL,
570,2620 S Lawndale Ave,Chicago,IL,
571,3000 S Lawndale Ave,Chicago,IL,
572,3740 W 31st St,Chicago,IL,
573,2759 S Harding Ave ,Chicago,IL,
574,2815 S Komensky Ave,Chicago,IL,
575,4247 W 31st St,Chicago,IL,
576,4247 W 31st St,Chicago,IL,
577,4247 W 31st St,Chicago,IL,
578,4753 W 47th St,Chicago,IL,
579,4640 S Lamon Ave,Chicago,IL,
580,5120 W 44th St,Chicago,IL,
581,5010 W 50th St,Chicago,IL,
582,5445 Harlem Ave,Chicago,IL,
583,5329 S Oak Park Ave,Chicago,IL,
584,5329 S Oak Park Ave,Chicago,IL,
585,5340 S Nashville Ave,Chicago,IL,
586,6660 W 52nd St,Chicago,IL,
587,5340 S Nashville Ave,Chicago,IL,
588,5134 S Lotus Ave ,Chicago,IL,
589,6348 S Archer Ave,Chicago,IL,
590,5134 S Lotus Ave ,Chicago,IL,
591,5134 S Lotus Ave ,Chicago,IL,
592,5858 S Archer Ave,Chicago,IL,
593,5134 S Lotus Ave,Chicago,IL,
594,5010 W 50th St,Chicago,IL,
595,4347 W 54th St,Chicago,IL,
596,4901 S Kilbourn Ave,Chicago,IL,
597,3510 W 55th St,Chicago,IL,
598,3711 W 55th St,Chicago,IL,
599,3711 W 55th St,Chicago,IL,
600,3826 W 58th St,Chicago,IL,
601,3826 W 58th St,Chicago,IL,
602,6018 S Karlov Ave,Chicago,IL,
603,6018 S Karlov Ave,Chicago,IL,
604,6200 S Hamlin,Chicago,IL,
605,3919 W 63rd St ,Chicago,IL,
606,6200 S Hamlin ,Chicago,IL,
607,6200 S Hamlin ,Chicago,IL,
608,3430 W 65th Pl,Chicago,IL,
609,3849 W 69th Pl,Chicago,IL,
610,3849 W 69th St,Chicago,IL,
611,3849 W 69th St,Chicago,IL,
612,6750 S Pulaski Rd,Chicago,IL,
613,3849 W 69th Pl,Chicago,IL,
614,6700 S Keating Ave,Chicago,IL,
615,4623 W Gladys Ave,Chicago,IL,
616,4320 W Fifth Ave,Chicago,IL,
617,4220 W Roosevelt Rd,Chicago,IL,
618,4320 W 15th St,Chicago,IL,
619,4217 W 18th St,Chicago,IL,
620,4055 W Arthington St,Chicago,IL,
621,4027 W Grenshaw St,Chicago,IL,
622,3711 W Douglas Bv,Chicago,IL,
623,1616 S Avers Ave,Chicago,IL,
624,3715 W Polk St,Chicago,IL,
625,3715 W Polk St,Chicago,IL,
626,3615 W 16th St,Chicago,IL,
627,3353 W 13th St,Chicago,IL,
628,3440 W Roosevelt Rd,Chicago,IL,
629,1440 S Christiana Ave,Chicago,IL,
630,2128 S St Louis Ave,Chicago,IL,
631,1313 S Sacramento Ave,Chicago,IL,
632,3030 W 21st Pl,Chicago,IL,
633,2400 S Marshall Bv,Chicago,IL,
634,1852 S Albany Ave,Chicago,IL,
635,2311 S Kedzie Ave,Chicago,IL,
636,3202 W 28th St,Chicago,IL,
637,2819 W 21st Pl,Chicago,IL,
638,2332 S Western Ave,Chicago,IL,
639,2301 W 21st Pl,Chicago,IL,
640,2410 S Leavitt St,Chicago,IL,
641,1940 W 18th St,Chicago,IL,
642,1900 W 23rd St,Chicago,IL,
643,1824 S Wood St,Chicago,IL,
644,1624 W 19th St,Chicago,IL,
645,1450 W Cermak Rd,Chicago,IL,
646,1241 W 19th St,Chicago,IL,
647,1746 S Miller St,Chicago,IL,
648,1611 S Racine Ave,Chicago,IL,
649,1746 S Miller St,Chicago,IL,
650,2015 S Peoria St,Chicago,IL,
651,2015 S Peoria St,Chicago,IL,
652,2103 N Lamon Ave,Chicago,IL,
653,3501 W Potomac Ave,Chicago,IL,
654,2010 N Central Park Ave,Chicago,IL,
655,5016 W Armitage Ave,Chicago,IL,
656,3320 W Hirsch St,Chicago,IL,
657,3444 W Wabansia Ave,Chicago,IL,
658,2010 N Central Park Ave,Chicago,IL,
659,1841 N Springfield Ave,Chicago,IL,
660,3501 W Potomac Ave,Chicago,IL,
661,1116 N Kedzie Ave,Chicago,IL,
662,3444 W Wabansia Ave,Chicago,IL,
663,3320 W Hirsch St,Chicago,IL,
664,3444 W Wabansia Ave,Chicago,IL,
665,4338 W Wabansia Ave,Chicago,IL,
666,1923 N Kedvale Ave,Chicago,IL,
667,3320 W Hirsch St,Chicago,IL,
668,1826 N Francisco Ave,Chicago,IL,
669,2103 N Lamon Ave,Chicago,IL,
670,1826 N Francisco Ave,Chicago,IL,
671,1405 N Washtenaw Ave,Chicago,IL,
672,1815 N Kostner Ave,Chicago,IL,
673,1745 N Keystone Ave,Chicago,IL,
674,1920 N Hamlin Ave,Chicago,IL,
675,4048 W Armitage Ave,Chicago,IL,
676,1405 N Washtenaw Ave,Chicago,IL,
677,1307 N California Ave,Chicago,IL,
678,2714 W Augusta Bv,Chicago,IL,
679,1645 N California,Chicago,IL,
680,3444 W Wabansia Ave,Chicago,IL,
681,1826 N Francisco Ave,Chicago,IL,
682,1841 N Springfield Ave,Chicago,IL,
683,1711 N California Ave,Chicago,IL,
684,1170 W Erie St ,Chicago,IL,
685,318 S Throop St,Chicago,IL,
686,3656 W Huron St,Chicago,IL,
687,1939 W Lake St,Chicago,IL,
688,620 N Sawyer Ave,Chicago,IL,
689,900 N Kingsbury St,Chicago,IL,
690,847 N Greenview Ave,Chicago,IL,
691,620 N Sawyer Ave,Chicago,IL,
692,1507 N Clybourn Ave,Chicago,IL,
693,1633 W Madison St,Chicago,IL,
694,1250 W Erie St ,Chicago,IL,
695,116 W Elm St,Chicago,IL,
696,1165 N Milwaukee Ave,Chicago,IL,
697,2700 W Wilcox St,Chicago,IL,
698,1119 N Cleveland St,Chicago,IL,
699,122 N Aberdeen ,Chicago,IL,
700,2334 W Van Buren St,Chicago,IL,
701,300 S Damen Ave,Chicago,IL,
702,824 N Hamlin Ave,Chicago,IL,
703,1333 N Cleveland Ave,Chicago,IL,
704,1420 N Hudson ,Chicago,IL,
705,150 S Campbell Ave,Chicago,IL,
706,440 N Drake Ave,Chicago,IL,
707,824 N Hamlin Ave,Chicago,IL,
708,2800 W Fulton St,Chicago,IL,
709,2908 W Washington Bv,Chicago,IL,
710,2120 W Warren Bv,Chicago,IL,
711,1034 N Wells ,Chicago,IL,
712,1330 W Chicago Ave,Chicago,IL,
713,214 N Lavergne Ave,Chicago,IL,
714,214 N Lavergne Ave,Chicago,IL,
715,4656 W Erie St,Chicago,IL,
716,223 N Keeler Ave,Chicago,IL,
717,3916 W Washington,Chicago,IL,
718,3545 W Fulton St,Chicago,IL,
719,3219 W Carroll Ave,Chicago,IL,
720,3250 W Adams,Chicago,IL,
721,3030 W Arthington St,Chicago,IL,
722,515 S Washtenaw Ave,Chicago,IL,
723,749 S Oakley Bv,Chicago,IL,
724,749 S Oakley Bv,Chicago,IL,
725,1522 W Fillmore St,Chicago,IL,
726,1111 S Ashland Ave,Chicago,IL,
727,1401 S Blue Island Ave,Chicago,IL,
728,1301 W 14th St,Chicago,IL,
729,2745 W Roosevelt Rd,Chicago,IL,
730,3570 W Fifth Ave,Chicago,IL,
731,3937 W Wilcox St,Chicago,IL,
732,4106 W Monroe St,Chicago,IL,
733,4106 W Monroe St,Chicago,IL,
734,4409 W Wilcox St,Chicago,IL,
735,230 N Kolmar Ave,Chicago,IL,
736,4615 W Jackson Bv,Chicago,IL,
737,5085 W Adams St,Chicago,IL,
738,230 N Kolmar Ave,Chicago,IL,
739,3436 N Osceola Ave,Chicago,IL,
740,2845 N Newcastle Ave,Chicago,IL,
741,6871 W Belden Ave,Chicago,IL,
742,1850 N Newland Ave,Chicago,IL,
743,6871 W Belden Ave,Chicago,IL,
744,6333 W Bloomingdale Ave,Chicago,IL,
745,1850 N Newland Ave,Chicago,IL,
746,1776 N Narragansett Ave,Chicago,IL,
747,6333 W Bloomingdale Ave,Chicago,IL,
748,5835 W North Ave,Chicago,IL,
749,5729 W Bloomingdale Ave,Chicago,IL,
750,1434 N Parkside Ave,Chicago,IL,
751,1434 N Parkside Ave,Chicago,IL,
752,5936 W Chicago Ave,Chicago,IL,
753,932 N Central Ave,Chicago,IL,
754,932 N Central Ave,Chicago,IL,
755,5670 W Lake St,Chicago,IL,
756,243 N Parkside Ave,Chicago,IL,
757,139 S Parkside Ave,Chicago,IL,
758,243 N Parkside Ave,Chicago,IL,
759,1045 S Monitor Ave,Chicago,IL,
760,500 S Central Ave,Chicago,IL,
761,3 S Laramie Ave,Chicago,IL,
762,5071 W Congress Pkwy,Chicago,IL,
763,3400 N Austin Ave,Chicago,IL,
764,3131 N Mason Ave,Chicago,IL,
765,3815 N Kedvale Ave,Chicago,IL,
766,3425 N Major Ave,Chicago,IL,
767,2456 N Mango Ave,Chicago,IL,
768,3601 N Milwaukee Ave,Chicago,IL,
769,4950 W Addison St,Chicago,IL,
770,3650 W School St,Chicago,IL,
771,3420 N Long Ave,Chicago,IL,
772,3730 N Laramie Ave,Chicago,IL,
773,2456 N Mango Ave,Chicago,IL,
774,5835 W Diversey Ave,Chicago,IL,
775,2941 N McVicker Ave,Chicago,IL,
776,3425 N Major Ave,Chicago,IL,
777,3650 W School St,Chicago,IL,
778,3030 N Mobile Ave,Chicago,IL,
779,4950 W Addison St,Chicago,IL,
780,4201 W Henderson St,Chicago,IL,
781,4201 W Henderson St,Chicago,IL,
782,4201 W Henderson St,Chicago,IL,
783,3400 N Austin Ave,Chicago,IL,
784,3815 N Kedvale Ave,Chicago,IL,
785,3857 N Kostner Ave ,Chicago,IL,
786,4950 W Addison St,Chicago,IL,
787,3730 N Laramie Ave,Chicago,IL,
788,3231 N Springfield Ave,Chicago,IL,
789,2828 N Kilbourn Ave,Chicago,IL,
790,3160 N Milwaukee Ave,Chicago,IL,
791,2727 N Long Ave,Chicago,IL,
792,3160 N Milwaukee Ave,Chicago,IL,
793,4343 W Wrightwood Ave,Chicago,IL,
794,4645 W Belmont Ave,Chicago,IL,
795,2828 N Kilbourn Ave,Chicago,IL,
796,2828 N Kilbourn Ave,Chicago,IL,
797,3020 N Lamon Ave,Chicago,IL,
798,3119 N Pulaski Rd,Chicago,IL,
799,3730 N Laramie Ave,Chicago,IL,
800,3235 N Le Claire Ave,Chicago,IL,
801,3235 N Le Claire Ave,Chicago,IL,
802,2727 N Long Ave,Chicago,IL,
803,2910 N Central Ave,Chicago,IL,
804,2727 N Long Ave,Chicago,IL,
805,5318 W Diversey Ave,Chicago,IL,
806,2715 N Cicero Ave,Chicago,IL,
807,5318 W Diversey Ave,Chicago,IL,
808,2727 N Long Ave,Chicago,IL,
809,2662 N Cicero Ave,Chicago,IL,
810,4343 W Wrightwood Ave,Chicago,IL,
811,2318 N Lorel Ave,Chicago,IL,
812,2501 W Addison St,Chicago,IL,
813,3425 N Damen Ave,Chicago,IL,
814,3425 N Damen Ave,Chicago,IL,
815,1659 W Melrose St,Chicago,IL,
816,1429 W Wellington Ave,Chicago,IL,
817,1429 W Wellington Ave,Chicago,IL,
818,1429 W Wellington Ave,Chicago,IL,
819,1630 W Barry Ave,Chicago,IL,
820,3149 N Wolcott Ave,Chicago,IL,
821,3035 N Hoyne Ave,Chicago,IL,
822,3035 N Hoyne Ave,Chicago,IL,
823,1630 W Barry Ave,Chicago,IL,
824,1429 W Wellington Ave,Chicago,IL,
825,1630 W Barry Ave,Chicago,IL,
826,1258 W Wrightwood Ave,Chicago,IL,
827,2534 N Greenview Ave,Chicago,IL,
828,2915 N Leavitt St,Chicago,IL,
829,2915 N Leavitt St,Chicago,IL,
830,2915 N Leavitt St,Chicago,IL,
831,2534 N Greenview Ave,Chicago,IL,
832,2200 N Oakley Ave,Chicago,IL,
833,2200 N Oakley Ave,Chicago,IL,
834,2270 N Clybourn Ave,Chicago,IL,
835,1621 W Wabansia Ave,Chicago,IL,
836,1621 W Wabansia Ave,Chicago,IL,
837,1621 W Wabansia Ave,Chicago,IL,
838,2230 W McClean Ave,Chicago,IL,
839,2230 W McClean Ave,Chicago,IL,
840,2230 W McClean Ave,Chicago,IL,
841,2230 W McClean Ave,Chicago,IL,
842,2741 W Montrose Ave,Chicago,IL,
843,4220 N Richmond,Chicago,IL,
844,3121 W Byron St,Chicago,IL,
845,3300 N Whipple St,Chicago,IL,
846,3820 N Spaulding Ave,Chicago,IL,
847,3820 N Spaulding Ave,Chicago,IL,
848,4250 N St Louis Ave,Chicago,IL,
849,4250 N St Louis Ave,Chicago,IL,
850,4540 N Hamlin Ave,Chicago,IL,
851,4650 N Lawndale Ave,Chicago,IL,
852,4650 N Lawndale Ave,Chicago,IL,
853,3436 W Wilson Ave,Chicago,IL,
854,3244 W Ainslie St,Chicago,IL,
855,4432 N Troy St,Chicago,IL,
856,4929 N Sawyer Ave,Chicago,IL,
857,4220 N Richmond,Chicago,IL,
858,3436 W Wilson Ave,Chicago,IL,
859,220 S Loomis St,Chicago,IL,
860,1340 W Harrison St,Chicago,IL,
861,1340 W Harrison St,Chicago,IL,
862,910 S Aberdeen St,Chicago,IL,
863,333 S Halsted St,Chicago,IL,
864,220 S Loomis St,Chicago,IL,
865,105 N May St,Chicago,IL,
866,220 S Loomis St,Chicago,IL,
867,38 S Peoria St,Chicago,IL,
868,38 S Peoria St,Chicago,IL,
869,125 S Jefferson St,Chicago,IL,
870,116 N Jefferson St,Chicago,IL,
871,116 N Jefferson St ,Chicago,IL,
872,501 N Clinton St,Chicago,IL,
873,1 S Franklin St,Chicago,IL,
874,700 S State St,Chicago,IL,
875,1212 S Plymouth Ct,Chicago,IL,
876,1212 S Plymouth Ct,Chicago,IL,
877,122 S Michigan Ave,Chicago,IL,
878,30 E Lake St,Chicago,IL,
879,2121 N Keeler ,Chicago,IL,
880,2121 N Keeler ,Chicago,IL,
881,2200 N Hamlin Ave,Chicago,IL,
882,2200 N Hamlin Ave,Chicago,IL,
883,3519 W Fullerton Ave,Chicago,IL,
884,3116 W Belden Ave,Chicago,IL,
885,3651 W Schubert Ave,Chicago,IL,
886,3519 W Fullerton Ave,Chicago,IL,
887,3030 W Fullerton Ave,Chicago,IL,
888,2732 N Avers Ave,Chicago,IL,
889,3651 W Schubert Ave,Chicago,IL,
890,3212 W George St,Chicago,IL,
891,2845 N Lawndale Ave,Chicago,IL,
892,2845 N Lawndale Ave,Chicago,IL,
893,3212 W George St,Chicago,IL,
894,3212 W George St,Chicago,IL,
895,3057 N Rockwell St,Chicago,IL,
896,3516 W School St,Chicago,IL,
897,3057 N Rockwell St,Chicago,IL,
898,3057 N Rockwell St,Chicago,IL,
899,3539 W Grace St,Chicago,IL,
900,3633 N California Ave,Chicago,IL,
901,6935 W Addison St ,Chicago,IL,
902,2845 N Newcastle Ave,Chicago,IL,
903,2845 N Newcastle Ave,Chicago,IL,
904,2845 N Newcastle Ave,Chicago,IL,
905,6940 W Diversey Ave,Chicago,IL,
906,6871 W Belden Ave,Chicago,IL,
907,3030 N Mobile Ave,Chicago,IL,
908,6100 W Fullerton Ave ,Chicago,IL,
909,2035 N Mobile Ave,Chicago,IL,
910,2231 N Central Ave,Chicago,IL,
911,2231 N Central Ave,Chicago,IL,
912,2318 N Lorel Ave,Chicago,IL,
913,2103 N Lamon Ave,Chicago,IL,
914,1425 N Tripp Ave,Chicago,IL,
915,4127 W Hirsch St,Chicago,IL,
916,1234 N Monticello Ave,Chicago,IL,
917,925 N California Ave,Chicago,IL,
918,2526 W Grand Ave,Chicago,IL,
919,2450 W Rice St,Chicago,IL,
920,2450 W Rice St,Chicago,IL,
921,2526 W Grand Ave,Chicago,IL,
922,1147 N Western ,Chicago,IL,
923,2247 W Chicago Ave,Chicago,IL,
924,2247 W Chicago Ave,Chicago,IL,
925,1840 W Ohio St,Chicago,IL,
926,1845 W Rice St,Chicago,IL,
927,1840 W Ohio St,Chicago,IL,
928,231 N Pine Ave,Chicago,IL,
929,4255 W Division St,Chicago,IL,
930,4837 W Erie St,Chicago,IL,
931,5446 W Division St,Chicago,IL,
932,4837 W Erie St,Chicago,IL,
933,5335 W LeMoyne St,Chicago,IL,
934,1040 N Keeler Ave,Chicago,IL,
935,1018 N Laramie Ave,Chicago,IL,
936,5401 W Chicago Ave,Chicago,IL,
937,5350 W Bloomingdale Ave,Chicago,IL,
938,231 N Pine Ave,Chicago,IL,
939,1431 N Leamington Ave,Chicago,IL,
940,730 N Pulaski Rd,Chicago,IL,
941,1431 N Leamington Ave,Chicago,IL,
942,1140 N Lamon Ave,Chicago,IL,
943,1431 N Leamington Ave,Chicago,IL,
944,720 N Lorel Ave,Chicago,IL,
945,5401 W Chicago Ave,Chicago,IL,
946,730 N Pulaski Rd,Chicago,IL,
947,4820 W Walton St,Chicago,IL,
948,4433 W Augusta Bv,Chicago,IL,
949,1645 N Cicero Ave,Chicago,IL,
950,8747 W Lawrence Ave,Chicago,IL,
951,3740 N Panama Ave,Chicago,IL,
952,3740 N Panama Ave,Chicago,IL,
953,8025 W Addison St,Chicago,IL,
954,8025 W Addison St,Chicago,IL,
955,3740 N Panama Ave,Chicago,IL,
956,3436 N Osceola Ave,Chicago,IL,
957,3436 N Osceola Ave,Chicago,IL,
958,7455 W Cornelia Ave,Chicago,IL,
959,3436 N Osceola Ave,Chicago,IL,
960,4300 N Narragansett Ave,Chicago,IL,
961,3800 N New England Ave,Chicago,IL,
962,3800 N New England Ave,Chicago,IL,
963,6935 W Addison St,Chicago,IL,
964,6343 W Irving Park,Chicago,IL,
965,6935 W Addison St,Chicago,IL,
966,4638 N Melvina Ave,Chicago,IL,
967,4310 N Melvina Ave,Chicago,IL,
968,6100 W Irving Park Rd,Chicago,IL,
969,4310 N Melvina Ave,Chicago,IL,
970,4225 N Central Ave,Chicago,IL,
971,6024 W Warwick Ave,Chicago,IL,
972,3920 N Central Ave,Chicago,IL,
973,4225 N Central Ave,Chicago,IL,
974,5330 W Berteau Ave,Chicago,IL,
975,5861 N Kostner Ave,Chicago,IL,
976,5801 N Pulaski Rd,Chicago,IL,
977,4257 N Tripp Ave,Chicago,IL,
978,5861 N Kostner Ave,Chicago,IL,
979,5051 N Kenneth Ave,Chicago,IL,
980,4540 N Hamlin Ave,Chicago,IL,
981,4400 W Lawrence Ave,Chicago,IL,
982,5020 N Pulaski Rd,Chicago,IL,
983,4444 W Lawrence Ave,Chicago,IL,
984,5100 N Ridgeway Ave,Chicago,IL,
985,5051 N Kenneth Ave,Chicago,IL,
986,3312 W Thorndale Ave,Chicago,IL,
987,4550 W Sunnyside Ave,Chicago,IL,
988,6040 N Kilpatrick ,Chicago,IL,
989,5510 N Christiana Ave,Chicago,IL,
990,4550 W Sunnyside Ave,Chicago,IL,
991,6312 W Rosedale Ave,Chicago,IL,
992,6312 W Rosedale Ave,Chicago,IL,
993,5250 N Christiana Ave,Chicago,IL,
994,6010 W Matson Ave,Chicago,IL,
995,3945 N Springfield Ave,Chicago,IL,
996,4001 W Devon Ave,Chicago,IL,
997,6100 N Central Ave,Chicago,IL,
998,4057 N Harding Ave,Chicago,IL,
999,4950 N Avers Ave,Chicago,IL,
1000,4950 N Avers Ave,Chicago,IL,
1001,6206 N Hamlin Ave,Chicago,IL,
1002,3401 W Foster Ave ,Chicago,IL,
1003,4222 W Foster Ave,Chicago,IL,
1004,6040 N Kilpatrick ,Chicago,IL,
1005,5861 N Kostner Ave,Chicago,IL,
1006,5051 N Kenneth Ave,Chicago,IL,
1007,5331 W Devon Ave,Chicago,IL,
1008,5331 W Devon Ave,Chicago,IL,
1009,5501 N kedzie Ave,Chicago,IL,
1010,6601 N Western Ave,Chicago,IL,
1011,1930 W Loyola Ave,Chicago,IL,
1012,1820 W Granville Ave,Chicago,IL,
1013,5835 N Lincoln Ave,Chicago,IL,
1014,2424 W Peterson Ave ,Chicago,IL,
1015,1818 W Peterson Ave,Chicago,IL,
1016,1750 W Peterson Ave,Chicago,IL,
1017,5700 N. Licoln Ave ,Chicago,IL,
1018,2701 W Foster Ave,Chicago,IL,
1019,5969 N Ravenswood Ave,Chicago,IL,
1020,2701 W Foster Ave,Chicago,IL,
1021,2135 W Foster Ave,Chicago,IL,
1022,2135 W Foster Ave,Chicago,IL,
1023,1643 W Bryn Mawr,Chicago,IL,
1024,1643 W Bryn Mawr,Chicago,IL,
1025,5110 N Damen Ave,Chicago,IL,
1026,5100 N Francisco Ave,Chicago,IL,
1027,5100 N Francisco ,Chicago,IL,
1028,2135 W Foster Ave,Chicago,IL,
1029,5110 N Damen Ave,Chicago,IL,
1030,5110 N Damen Ave,Chicago,IL,
1031,4740 N Western Ave,Chicago,IL,
1032,4740 N Western Ave,Chicago,IL,
1033,5000 N Cumberland Ave,Chicago,IL,
1034,5441 N East River Rd,Chicago,IL,
1035,8601 W Foster Ave,Chicago,IL,
1036,5220 N Canfield Ave,Chicago,IL,
1037,5430 N Olcott Ave,Chicago,IL,
1038,5430 N Olcott Ave,Chicago,IL,
1039,7454 W Balmoral Ave,Chicago,IL,
1040,5424 N Oketo Ave,Chicago,IL,
1041,5225 N Oak Park Ave,Chicago,IL,
1042,5424 N Oketo Ave,Chicago,IL,
1043,5225 N Oak Park Ave,Chicago,IL,
1044,6445 W Strong St,Chicago,IL,
1045,6445 W Strong St,Chicago,IL,
1046,5225 N Oak Park Ave,Chicago,IL,
1047,6220 N Olcott Ave,Chicago,IL,
1048,6220 N Olcott Ave,Chicago,IL,
1049,5900 N Nina Ave,Chicago,IL,
1050,7262 W Peterson Ave,Chicago,IL,
1051,5900 N Nina Ave,Chicago,IL,
1052,5900 N Nina Ave,Chicago,IL,
1053,6530 W Bryn Mawr Av,Chicago,IL,
1054,6530 W Bryn Mawr Av,Chicago,IL,
1055,6600 W Raven St,Chicago,IL,
1056,6600 W Raven St,Chicago,IL,
1057,7350 W Pratt Ave,Chicago,IL,
1058,7350 W Pratt Ave,Chicago,IL,
1059,6220 N Olcott Ave,Chicago,IL,
1060,6566 N Avondale Ave,Chicago,IL,
1061,7350 W Pratt Ave,Chicago,IL,
1062,7507 W Birchwood Ave,Chicago,IL,
1063,7507 W Birchwood Ave,Chicago,IL,
1064,505 N Lake Shore Dr,Chicago,IL,
1065,30 E Lake St,Chicago,IL,
1066,360 E Randolph St,Chicago,IL,
1067,303 E Wacker Dr,Chicago,IL,
1068,400 E Randolph St,Chicago,IL,
1069,155 N Harbor Dr,Chicago,IL,
1070,440 N McClurg Ct,Chicago,IL,
1071,480 N Mc Clurg ,Chicago,IL,
1072,535 N Michigan Ave,Chicago,IL,
1073,405 N Wabash Ave,Chicago,IL,
1074,30 E Lake St,Chicago,IL,
1075,400 N La Salle Dr,Chicago,IL,
1076,300 N State St,Chicago,IL,
1077,1 S Franklin St,Chicago,IL,
1078,343 W Wolf Point Plz,Chicago,IL,
1079,323 W Illinois St,Chicago,IL,
1080,323 W Illinois St,Chicago,IL,
1081,323 W Illinois St,Chicago,IL,
1082,550 N Kingsbury St ,Chicago,IL,
1083,740 N Sedgwick St,Chicago,IL,
1084,740 N Sedgwick St,Chicago,IL,
1085,880 N Michigan Ave,Chicago,IL,
1086,880 N Michigan Ave,Chicago,IL,
1087,880 N Michigan Ave,Chicago,IL,
1088,1630 N Clark St,Chicago,IL,
1089,1601 N Clark St,Chicago,IL,
1090,1601 N Clark St,Chicago,IL,
1091,2233 N Clark St,Chicago,IL,
1092,2400 N Lakeview Ave,Chicago,IL,
1093,2626 N Lakeview Ave,Chicago,IL,
1094,2625 N Orchard St,Chicago,IL,
1095,2625 N Orchard St,Chicago,IL,
1096,615 W Kemper Pl,Chicago,IL,
1097,2140 N Clark St,Chicago,IL,
1098,1960 N Lincoln Pk West ,Chicago,IL,
1099,1763 N North Park Ave,Chicago,IL,
1100,1734 N Orleans St,Chicago,IL,
1101,2001 N Orchard St,Chicago,IL,
1102,1845 N Larrabee St,Chicago,IL,
1103,2111 N Halsted St,Chicago,IL,
1104,2625 N Orchard St,Chicago,IL,
1105,2700 N Sheffield Ave,Chicago,IL,
1106,2250 N Clifton Ave,Chicago,IL,
1107,2250 N Clifton Ave,Chicago,IL,
1108,2250 N Clifton Ave,Chicago,IL,
1109,2001 N Orchard St,Chicago,IL,
1110,1919 N Seminary Ave,Chicago,IL,
1111,3252 N Broadway ,Chicago,IL,
1112,3319 N Clifton Ave,Chicago,IL,
1113,644 W. Belmont ,Chicago,IL,
1114,2960 N Lake Shore Dr,Chicago,IL,
1115,3338 N Broadway ,Chicago,IL,
1116,3252 N Broadway ,Chicago,IL,
1117,501 W Surf St,Chicago,IL,
1118,2800 N Lake Shore Dr ,Chicago,IL,
1119,2851 N Seminary Ave,Chicago,IL,
1120,3319 N Clifton Ave,Chicago,IL,
1121,3505 N Southport Ave,Chicago,IL,
1122,3450 N Lake Shore Dr,Chicago,IL,
1123,3656 N Halsted,Chicago,IL,
1124,2851 N Seminary Ave ,Chicago,IL,
1125,3252 N Broadway ,Chicago,IL,
1126,3505 N Southport Ave,Chicago,IL,
1127,3252 N Broadway ,Chicago,IL,
1128,2851 N Seminary Ave ,Chicago,IL,
1129,1420 W Grace St,Chicago,IL,
1130,3319 N Clifton Ave,Chicago,IL,
1131,855 W Aldine Ave,Chicago,IL,
1132,6950 N Hiawatha Ave,Chicago,IL,
1133,6950 N Hiawatha Ave,Chicago,IL,
1134,6525 N Hiawatha Ave,Chicago,IL,
1135,6950 N Hiawatha Ave,Chicago,IL,
1136,6525 N Hiawatha Ave,Chicago,IL,
1137,6600 W Raven St,Chicago,IL,
1138,6312 W Rosedale Ave,Chicago,IL,
1139,5625 N McVicker Ave,Chicago,IL,
1140,5414 N Linder Ave,Chicago,IL,
1141,5625 N McVicker Ave,Chicago,IL,
1142,5414 N Linder Ave ,Chicago,IL,
1143,5414 N Linder Ave,Chicago,IL,
1144,5150 N Northwest Hw ,Chicago,IL,
1145,5856 W Ainslie St,Chicago,IL,
1146,5150 N Northwest Hw ,Chicago,IL,
1147,5025 N Laramie Ave,Chicago,IL,
1148,5856 W Ainslie St,Chicago,IL,
1149,5856 W Ainslie St,Chicago,IL,
1150,5363 W Lawrence Ave,Chicago,IL,
1151,5025 N Laramie Ave,Chicago,IL,
1152,4650 N Menard Ave,Chicago,IL,
1153,4355 N Linder Ave,Chicago,IL,
1154,4650 N Menard Ave,Chicago,IL,
1155,4355 N Linder Ave,Chicago,IL,
1156,4355 N Linder Ave,Chicago,IL,
1157,4355 N Linder Ave,Chicago,IL,
1158,3945 N Springfield Ave,Chicago,IL,
1159,4839 W Irving Pk Rd,Chicago,IL,
1160,4024 N Elston,Chicago,IL,
1161,832 W Sheridan Rd ,Chicago,IL,
1162,832 W Sheridan Rd ,Chicago,IL,
1163,707 W Waveland Ave ,Chicago,IL,
1164,635 W Grace St,Chicago,IL,
1165,832 W Sheridan Rd ,Chicago,IL,
1166,655 W Irving Park Rd,Chicago,IL,
1167,825 W Sheridan Rd,Chicago,IL,
1168,832 W Sheridan Rd,Chicago,IL,
1169,3940 N Clark St,Chicago,IL,
1170,4420 N Beacon St,Chicago,IL,
1171,4225 N Sheridan Rd,Chicago,IL,
1172,4140 N Marine Dr,Chicago,IL,
1173,929 W Buena Ave,Chicago,IL,
1174,4251 N Clarendon Ave,Chicago,IL,
1175,4250 N Marine Dr,Chicago,IL,
1176,900 W Wilson Ave,Chicago,IL,
1177,4420 N Beacon St,Chicago,IL,
1178,1226 W Ainslie St,Chicago,IL,
1179,4640 N Sheridan Rd,Chicago,IL,
1180,4645 N Sheridan Rd,Chicago,IL,
1181,4865 N Sheridan Rd,Chicago,IL,
1182,900 W Wilson Ave,Chicago,IL,
1183,5120 N Winthrop Ave,Chicago,IL,
1184,2019 W Lawrence Ave,Chicago,IL,
1185,2019 W Lawrence Ave,Chicago,IL,
1186,4728 N Wolcott Ave,Chicago,IL,
1187,4950 N Ashland Ave,Chicago,IL,
1188,1333 W Argyle St,Chicago,IL,
1189,1333 W Argyle St,Chicago,IL,
1190,4540 N Campbell Ave,Chicago,IL,
1191,4412 N Western Ave,Chicago,IL,
1192,4455 N Lincoln Ave,Chicago,IL,
1193,4728 N Wolcott Ave,Chicago,IL,
1194,4701 N Ashland Ave,Chicago,IL,
1195,4332 N Paulina St,Chicago,IL,
1196,4332 N Paulina St,Chicago,IL,
1197,4412 N Western Ave,Chicago,IL,
1198,4046 N Leavitt St,Chicago,IL,
1199,4046 N Leavitt St,Chicago,IL,
1200,1900 W Irving Park Rd,Chicago,IL,
1201,4332 N Paulina St,Chicago,IL,
1202,4015 N Ashland Ave,Chicago,IL,
1203,4015 N Ashland Ave,Chicago,IL,
1204,4015 N Ashland Ave,Chicago,IL,
1205,1650 W Cornelia Ave,Chicago,IL,
1206,1650 W Cornelia Ave,Chicago,IL,
1207,3919 N Bell Ave,Chicago,IL,
1208,2132 W Addison St,Chicago,IL,
1209,3919 N Bell Ave,Chicago,IL,
1210,3730 N Oakley Ave,Chicago,IL,
1211,2501 W Addison St,Chicago,IL,
1212,5900 N Glenwood Ave,Chicago,IL,
1213,6301 N Sheridan Rd,Chicago,IL,
1214,1020 W Bryn Mawr Ave,Chicago,IL,
1215,5048 N Marine Dr,Chicago,IL,
1216,5555 N Sheridan Rd,Chicago,IL,
1217,5500 N Broadway ,Chicago,IL,
1218,1423 W Bryn Mawr Ave,Chicago,IL,
1219,5959 N Sheridan Rd,Chicago,IL,
1220,5419 N Sheridan Rd,Chicago,IL,
1221,5211 N Clark St,Chicago,IL,
1222,5244 N Lakewood Ave,Chicago,IL,
1223,5225 N Kenmore Ave,Chicago,IL,
1224,6171 N Sheridan Rd,Chicago,IL,
1225,5439 N Kenmore Ave,Chicago,IL,
1226,5700 N Sheridan Rd,Chicago,IL,
1227,5821 N Broadway ,Chicago,IL,
1228,5445 N Sheridan Rd,Chicago,IL,
1229,5900 N Winthrop Ave,Chicago,IL,
1230,5500 N Broadway ,Chicago,IL,
1231,5455 N Sheridan Rd,Chicago,IL,
1232,5120 N Winthrop Ave,Chicago,IL,
1233,6033 N Sheridan Rd,Chicago,IL,
1234,929 W Foster Ave,Chicago,IL,
1235,4921 N Marine Dr,Chicago,IL,
1236,1530 W Granville Ave,Chicago,IL,
1237,5700 N Sheridan Rd,Chicago,IL,
1238,6205 N Sheridan Rd,Chicago,IL,
1239,5900 N Glenwood Ave,Chicago,IL,
1240,5333 N Sheridan Rd,Chicago,IL,
1241,6000 N Broadway,Chicago,IL,
1242,1326 W Hollywood Ave,Chicago,IL,
1243,5900 N Winthrop Ave,Chicago,IL,
1244,5959 N Sheridan Rd,Chicago,IL,
1245,1530 W Granville Ave,Chicago,IL,
1246,1500 W Elmdale Ave,Chicago,IL,
1247,7650 N Marshfield Ave ,Chicago,IL,
1248,7650 N Marshfield Ave ,Chicago,IL,
1249,1230 W Greenleaf Ave,Chicago,IL,
1250,1230 W Greenleaf Ave,Chicago,IL,
1251,6511 N Sheridan Rd,Chicago,IL,
1252,6400 N Sheridan Rd,Chicago,IL,
1253,6400 N Sheridan Rd,Chicago,IL,
1254,6631 N Bosworth Ave,Chicago,IL,
1255,6907 N Clark St,Chicago,IL,
1256,1932 W Lunt Ave,Chicago,IL,
1257,7340 N Rogers Ave,Chicago,IL,
1258,2311 W Howard St,Chicago,IL,
1259,7414 N Wolcott Ave,Chicago,IL,
1260,7450 N Rogers Ave,Chicago,IL,
1261,7019 N Ashland Ave,Chicago,IL,
1262,6808 N Ashland Ave,Chicago,IL,
1263,6700 N Greenview Ave,Chicago,IL,
1264,7030 N Sacramento Bv,Chicago,IL,
1265,7345 N Washtenaw Ave,Chicago,IL,
1266,7345 N Washtenaw Ave,Chicago,IL,
1267,7345 N Washtenaw Ave,Chicago,IL,
1268,6710 N Washtenaw Ave,Chicago,IL,
1269,2110 W Greenleaf Ave,Chicago,IL,
1270,2110 W Greenleaf Ave,Chicago,IL,
1271,6239 N Leavitt St,Chicago,IL,
1272,7033 N Kedzie Ave,Chicago,IL,
1273,6700 N Whipple St,Chicago,IL,
1274,7030 N Sacramento Bv,Chicago,IL,
1275,7061 N Kedzie Ave,Chicago,IL,
1276,6710 N Washtenaw Ave,Chicago,IL,
1277,6833 N Kedzie Ave,Chicago,IL,
1278,6601 N Western Ave,Chicago,IL,
1279,7141 N Kedzie Ave,Chicago,IL,
1280,6131 N California Ave ,Chicago,IL,
1281,6700 N Whipple St,Chicago,IL,
1282,6131 N California Ave ,Chicago,IL,
1283,6239 N Leavitt St,Chicago,IL,
1284,6239 N Leavitt St,Chicago,IL,
1285,6700 N Whipple St,Chicago,IL,
1286,6142 N California Ave ,Chicago,IL,
1287,6206 N Hamlin Ave,Chicago,IL,
1288,6206 N Hamlin Ave,Chicago,IL,
1289,6131 N California Ave ,Chicago,IL,
1290,6933 N Kedzie Ave,Chicago,IL,
1291,5650 N Mozart St,Chicago,IL,
